"Africa","Egypt","CityNet Host Data Center Egypt","http://www.citynethost.com/","http://mirror.citynethost.com/centos/","",""
"Africa","South Africa","Internet Solutions","http://www.is.co.za/","http://ftp.is.co.za/mirror/centos/","ftp://ftp.is.co.za/mirror/centos/","rsync://ftp.is.co.za/mirror/centos/"
"Africa","South Africa","JSDAAV ZA Telecoms (Pty) Ltd","http://www.jsdaav.com/","http://dl.za.jsdaav.net/mirror/CentOS/","ftp://dl.za.jsdaav.net/mirror/CentOS/","rsync://dl.za.jsdaav.net/mirror/CentOS/"
"Africa","South Africa","Telkom SA","http://www.telkom.co.za","http://www.ftp.saix.net/pub/linux/distributions/centos/","ftp://ftp.saix.net/pub/linux/distributions/centos/",""
"Africa","South Africa ","University of the Free State","http://www.ufs.ac.za/","http://mirror.ufs.ac.za/centos/","ftp://mirror.ufs.ac.za/os/linux/distros/centos/","rsync://mirror.ufs.ac.za/centos/"
"Africa","Tanzania","Aptus Solutions","http://www.aptus.co.tz/","http://mirror.aptus.co.tz/pub/centos/","",""
"Africa","Uganda","Uganda Christian University","http://www.ucu.ac.ug/","http://mirror.ucu.ac.ug/centos/","",""
"Asia","Bangladesh","dhakaCom Limited","http://www.dhakacom.com/","http://mirror.dhakacom.com/centos/","ftp://mirror.dhakacom.com/centos/",""
"Asia","Bangladesh","IS Pros Ltd.","http://www.ispros.com.bd/","http://mirrors.ispros.com.bd/centos/","ftp://mirrors.ispros.com.bd/centos/","rsync://mirrors.ispros.com.bd/CentOS/"
"Asia","China","Beijing Institute of Technology","http://www.bit.edu.cn/","http://mirror.bit.edu.cn/centos/","",""
"Asia","China","Beijing Teletron Telecom Engineering","http://www.btte.com.cn","http://mirrors.btte.net/centos/","",""
"Asia","China","CDS China","http://www.yun-idc.com/","http://mirrors.yun-idc.com/centos/","ftp://mirrors.yun-idc.com/centos/","rsync://mirrors.yun-idc.com/centos/"
"Asia","China","Dalian Neusoft University of Information","http://www.neusoft.edu.cn/","http://mirrors.neusoft.edu.cn/centos/","ftp://mirrors.neusoft.edu.cn/centos/",""
"Asia","China","esocc","http://www.esocc.com/","http://mirror.esocc.com/centos/","",""
"Asia","China","Grand Cloud","http://www.grandcloud.cn/","http://mirrors.grandcloud.cn/centos/","",""
"Asia","China","Huazhong University of Science and Technology","http://www.hust.edu.cn/","http://mirrors.hust.edu.cn/centos/","","rsync://mirrors.hust.edu.cn/centos/"
"Asia","China","NetEase","http://www.163.com/","http://mirrors.163.com/centos/","",""
"Asia","China","Northeastern University, Shenyang Liaoni","http://www.neu.edu.cn/","http://mirror.neu.edu.cn/centos/","",""
"Asia","China","Qiming College of Huazhong University of Science and Technology","","http://mirrors.hustunique.com/centos/","","rsync://mirrors.hustunique.com/centos/"
"Asia","China","Sohu Inc, Beijing P.R. China","http://www.sohu.com/","http://mirrors.sohu.com/centos/","",""
"Asia","China","Star Studio of UESTC","http://www.uestc.edu.cn/","http://mirrors.stuhome.net/centos/","ftp://mirrors.stuhome.net/centos/",""
"Asia","China","Tsinghua University","http://www.tsinghua.edu.cn/","http://mirrors.tuna.tsinghua.edu.cn/centos/","",""
"Asia","China","University of Science and Tech of China","http://www.ustc.edu.cn/","http://centos.ustc.edu.cn/centos/","",""
"Asia","China - Hong Kong","Asia Web Services Ltd.","http://www.vpshosting.com.hk","http://mirror.vpshosting.com.hk/pub/linux/centos/","ftp://mirror.vpshosting.com.hk/pub/linux/centos/",""
"Asia","Hong Kong","01LINK NETWORK SERVICES LIMITED","http://www.01link.net/","http://centos.01link.hk/","ftp://centos.01link.hk/","rsync://centos.01link.hk/centos/"
"Asia","Hong Kong","CommuniLink Internet Limited","http://www.communilink.net/","http://centos.communilink.net/","ftp://centos.communilink.net/centos/",""
"Asia","Hong Kong","i-System Technology Limited","http://www.uhost.hk/","http://centos.uhost.hk/","ftp://centos.uhost.hk/centos/",""
"Asia","Hong Kong","SunnyVision Limited","http://www.sunnyvision.com/","http://mirror.sunnyvision.com/centos/","",""
"Asia","Hong Kong","The Chinese University of Hong Kong","http://www.cuhk.edu.hk/","http://ftp.cuhk.edu.hk/pub/Linux/centos/","ftp://ftp.cuhk.edu.hk/pub/Linux/centos/",""
"Asia","Hong Kong","UDomain Web Hosting Company Ltd.","http://www.udomain.com.hk/","http://repo.cloudhosting.com.hk/centos/","ftp://repo.cloudhosting.com.hk/pub/centos/",""
"Asia","India","AOL Online India Pvt. Ltd.","http://corp.aol.in/","http://centos.aol.in/","",""
"Asia","India","Cyber Futuristics India Pvt Ltd - Go4hos","http://www.go4hosting.com/","http://centosmirror.go4hosting.in/centos/","ftp://centosmirror.go4hosting.in/","rsync://centosmirror.go4hosting.in/centos/"
"Asia","India","Excell Media Pvt. Ltd.","http://www.excellmedia.net/","http://centos.excellmedia.net/","",""
"Asia","India","Indian Institute of Technology, Madras","http://www.iitm.ac.in","http://ftp.iitm.ac.in/centos/","ftp://ftp.iitm.ac.in/centos/","rsync://ftp.iitm.ac.in/centos/"
"Asia","India","LeapSwitch Networks","http://www.leapswitch.com/","http://mirror.leapswitch.com/centos/","",""
"Asia","India","National Brain Research Centre","http://nbrc.ac.in/","http://mirror.nbrc.ac.in/centos/","",""
"Asia","Indonesia","Biznet Networks","http://www.biznetnetworks.com/","http://centos.biz.net.id/","","rsync://centos.biz.net.id/centos/"
"Asia","Indonesia","JR Webhost","http://www.jr-webhost.net/","http://centos.jr-webhost.net/","",""
"Asia","Indonesia","Kelompok Linux Arek Surabaya (KLAS)/PT Rahajasa Media Internet (RADNET)","","http://buaya.klas.or.id/centos/","ftp://buaya.klas.or.id/centos/",""
"Asia","Indonesia","Smart Media Pratama, PT.","http://smartmedia.net.id/","http://mirror.smartmedia.net.id/centos/","ftp://mirror.smartmedia.net.id/centos/",""
"Asia","Japan","FAIRWAY Corporation","http://www.fairway-corp.co.jp/","http://mirror.fairway.ne.jp/centos/","ftp://mirror.fairway.ne.jp/centos/",""
"Asia","Japan","Internet Initiative Japan Inc.","http://www.iij.ad.jp/","http://ftp.iij.ad.jp/pub/linux/centos/","ftp://ftp.iij.ad.jp/pub/linux/centos/","rsync://ftp.iij.ad.jp/centos/"
"Asia","Japan","JAIST","http://www.jaist.ac.jp/","http://ftp.jaist.ac.jp/pub/Linux/CentOS/","ftp://ftp.jaist.ac.jp/pub/Linux/CentOS/","rsync://ftp.jaist.ac.jp/pub/Linux/CentOS/"
"Asia","Japan","KDDI R&D Laboratories Inc.","http://www.kddilabs.jp/english/index.html","http://www.ftp.ne.jp/Linux/packages/CentOS/","ftp://ftp.kddilabs.jp/Linux/packages/CentOS/","rsync://rsync.kddilabs.jp/centos/"
"Asia","Japan","NARA Inst of Science and Technology","http://www.naist.jp/","http://ftp.nara.wide.ad.jp/pub/Linux/centos/","ftp://ftp.nara.wide.ad.jp/pub/Linux/centos/","rsync://ftp.nara.wide.ad.jp/centos"
"Asia","Japan","RIKEN Research Institute","http://www.riken.jp/","http://ftp.riken.jp/Linux/centos/","ftp://ftp.riken.jp/Linux/centos/","rsync://ftp.riken.jp/centos/"
"Asia","Japan","WIDEProject Tsukuba NOC","","http://ftp.tsukuba.wide.ad.jp/Linux/centos/","",""
"Asia","Kazakhstan","Neolabs LLP","http://neolabs.kz","http://mirror.neolabs.kz/centos/","ftp://mirror.neolabs.kz/centos/","rsync://mirror.neolabs.kz/centos/"
"Asia","Korea","AoneNetworks Co.,Ltd.","http://www.nicehosting.co.kr","http://data.nicehosting.co.kr/os/CentOS/","",""
"Asia","Korea","CDNetworks Co., Ltd.","http://www.cdnetworks.com/","http://centos.mirror.cdnetworks.com/","ftp://centos.mirror.cdnetworks.com/centos/",""
"Asia","Korea","NeowizGames corp.","http://www.pmang.com/","http://ftp.neowiz.com/centos/","ftp://ftp.neowiz.com/centos/","rsync://ftp.neowiz.com::centos"
"Asia","Korea","TODAY&TOMORROW CO., LTD.","http://tt.co.kr/gate/main.php","http://centos.tt.co.kr/","",""
"Asia","Malaysia","Hostemo Technology Sdn Bhd","http://www.hostemo.com/","http://mirrors.hostemo.com/CentOS/","",""
"Asia","Malaysia","IP ServerOne Solutions Sdn Bhd","http://www.ipserverone.com/","http://centos.ipserverone.com/centos/","",""
"Asia","Malaysia","OSCC MAMPU","http://www.oscc.org.my/","http://mirror.oscc.org.my/centos/","",""
"Asia","Malaysia","Sultan Idris Education University","http://www.upsi.edu.my/","http://mirror.upsi.edu.my/centos/","",""
"Asia","Malaysia","Universiti Teknologi Malaysia","http://www.utm.my/","http://ossm.utm.my/centos/","","rsync://ossm.utm.my/centos/"
"Asia","Mongolia","Mongolian National Data Center","http://www.ndc.gov.mn/","http://mirror.ndc.mn/centos/","",""
"Asia","Mongolia","National University of Mongolia","http://www.num.edu.mn/","http://centos.num.edu.mn/","ftp://centos.num.edu.mn/",""
"Asia","Pakistan","Cyber Internet Services","http://www.cyber.net.pk/","http://stingray.cyber.net.pk/pub/centos/","ftp://stingray.cyber.net.pk/centos/","rsync://stingray.cyber.net.pk/centos/"
"Asia","Pakistan","MAGSNET LIMITED","http://www.magsnet.net/","http://centos-mirror.magsnet.net/centos/","",""
"Asia","Philippines","DOST-ASTI and PREGI.NET","http://www.asti.dost.gov.ph/","http://mirror.pregi.net/pub/Linux/CentOS/","ftp://mirror.pregi.net/pub/Linux/CentOS/",""
"Asia","Singapore","National University of Singapore","http://www.comp.nus.edu.sg/","http://mirror.nus.edu.sg/centos/","ftp://mirror.nus.edu.sg/pub/centos/",""
"Asia","South Korea","Premist","http://premi.st/","http://mirror.premi.st/centos/","",""
"Asia","Sri Lanka","Lanka Education and Research Network","http://www.learn.ac.lk/","http://mirror.learn.ac.lk/centos/","ftp://mirror.learn.ac.lk/pub/centos/","rsync://mirror.learn.ac.lk/centos/"
"Asia","Taiwan","CCI, Providence University","http://www.cci.pu.edu.tw/","http://ftp.cs.pu.edu.tw/Linux/CentOS/","ftp://ftp.cs.pu.edu.tw/Linux/CentOS/",""
"Asia","Taiwan","Computer Center, Shu-Te University","http://en.main.stu.edu.tw/","http://ftp.stu.edu.tw/Linux/CentOS/","ftp://ftp.stu.edu.tw/Linux/CentOS/",""
"Asia","Taiwan","I-Shou University","http://www.isu.edu.tw/","http://ftp.isu.edu.tw/pub/Linux/CentOS/","ftp://ftp.isu.edu.tw/pub/Linux/CentOS/","rsync://ftp.isu.edu.tw/centos/"
"Asia","Taiwan","National Center for High-Perf Computing","http://www.nchc.org.tw/en/","http://ftp.twaren.net/Linux/CentOS/","ftp://ftp.twaren.net/Linux/CentOS/",""
"Asia","Taiwan","National Sun Yat-sen University","http://www.nsysu.edu.tw","http://ftp.nsysu.edu.tw/CentOS/","ftp://ftp.nsysu.edu.tw/pub/CentOS/",""
"Asia","Taiwan","Southern Taiwan University of Science and Technology","http://www.stust.edu.tw/","http://ftp.stust.edu.tw/pub/Linux/CentOS/","ftp://ftp.stust.edu.tw/pub/Linux/CentOS/",""
"Asia","Taiwan","TaiChung City Education Network Center","http://www.tc.edu.tw/","http://ftp.tc.edu.tw/Linux/CentOS/","ftp://ftp.tc.edu.tw/Linux/CentOS/",""
"Asia","Thailand","Bangmod Hosting","http://www.bangmodhosting.com/","http://mirrors.bangmodhosting.com/centos/","","rsync://mirrors.bangmodhosting.com/centos/"
"Asia","Thailand","Kasetsart University","http://www.ku.ac.th/","http://mirror1.ku.ac.th/centos/","",""
"Asia","Thailand","Prince of Songkla University, Hatyai cam","http://www.psu.ac.th/en/","http://mirrors.psu.ac.th/pub/centos/","ftp://mirrors.psu.ac.th/pub/centos/","rsync://mirrors.psu.ac.th/centos/"
"Asia","Thailand","THZ Hosting","http://www.thzhost.com/","http://mirrors.thzhost.com/centos/","","rsync://mirrors.thzhost.com/centos/"
"Asia","Vietnam","DIGIPOWER Co.,ltd","http://www.digipower.vn/","http://mirrors.digipower.vn/centos/","ftp://mirrors.digipower.vn/centos/","rsync://mirrors.digipower.vn/centos/"
"Asia","Vietnam","Fibo Web","http://fiboweb.com/","http://mirrors.fibo.vn/centos/","",""
"Asia","Vietnam","FPT Telecom","http://www.fpt.net/EN/","http://mirror-fpt-telecom.fpt.net/centos/","ftp://mirror-fpt-telecom.fpt.net/mirror/centos/",""
"Asia","Vietnam","HanoiLUG","http://www.hanoilug.org/","http://virror.hanoilug.org/centos/","",""
"Asia","Vietnam","VietOSS","","http://mirror.vietoss.com/CentOS/","",""
"Asia","Vietnam","Viettel  IDC ","http://viettelidc.com.vn/","http://centos-hcm.viettelidc.com.vn/","",""
"Asia","Vietnam","Viettel IDC","http://viettelidc.com.vn/","http://centos-hn.viettelidc.com.vn/","",""
"Asia","Vietnam","VinaHost Co., Ltd","http://vinahost.vn/","http://mirrors.vinahost.vn/centos/","",""
"Asia","Vietnam","VONLINE","http://vonline.vn/","http://mirrors.vonline.vn/centos/","",""
"Canada","AB","Arctic Network Mirrors","http://www.arcticnetwork.ca/","http://centos.arcticnetwork.ca/","ftp://centos.arcticnetwork.ca/pub/centos/","rsync://centos.arcticnetwork.ca/centos/"
"Canada","BC","Simon Fraser University","http://www.fas.sfu.ca/","http://mirror.its.sfu.ca/mirror/CentOS/","",""
"Canada","MB","Manitoba Unix User Group","http://www.muug.mb.ca/","http://www.muug.mb.ca/pub/centos/","ftp://ftp.muug.mb.ca/pub/centos/","rsync://rsync.muug.mb.ca/centos/"
"Canada","MB","Westman Communications Grp","http://www.westmancom.com/","http://centos.westmancom.com/","ftp://centos.westmancom.com/",""
"Canada","NS","Dalhousie University","http://www.dal.ca/","http://mirror.its.dal.ca/centos/","ftp://mirror.its.dal.ca/centos/","rsync://mirror.its.dal.ca/centos/"
"Canada","ON","Adeste Global Managed Networks","http://www.adesteglobal.com/","http://mirror.agmn.ca/mirror/centos/","",""
"Canada","ON","Atwab Networks","http://www.atwab.net/","http://centos.mirrors.atwab.net/","ftp://centos.mirrors.atwab.net/","rsync://centos.mirrors.atwab.net::shares/"
"Canada","ON","Clearcable Networks","http://www.clearcable.ca/","http://centos.mirror.rafal.ca/","ftp://centos.mirror.rafal.ca/pub/CentOS/","rsync://centos.mirror.rafal.ca/CentOS"
"Canada","ON","Cogeco Inc.","http://www.cogeco.net/","http://less.cogeco.net/CentOS/","ftp://less.cogeco.net/CentOS/",""
"Canada","ON","Netflash Internet Solutions","http://www.netflash.net/","http://mirror.netflash.net/centos/","ftp://mirror.netflash.net/centos/","rsync://mirror.netflash.net/centos/"
"Canada","ON","Nexicom Inc","http://www.nexicom.net","http://centos.mirror.nexicom.net/","ftp://mirror.nexicom.net/pub/centos/","rsync://mirror.nexicom.net/CentOS"
"Canada","ON","U. of Waterloo Computer Science Club","http://csclub.uwaterloo.ca/","http://mirror.csclub.uwaterloo.ca/centos/","ftp://mirror.csclub.uwaterloo.ca/centos/","rsync://mirror.csclub.uwaterloo.ca/centos/"
"Canada","ON","University of Ottawa, Faculty of Science","http://www.science.uottawa.ca/","http://mirror.science.uottawa.ca/centos/","",""
"Canada","ON","Wightman Telecom","http://wightman.ca/","http://mirror.netaddicted.ca/CentOS/","ftp://mirror.netaddicted.ca/CentOS/",""
"Canada","QC","Cubicule Studio inc.","http://www.cubiculestudio.com/","http://www.cubiculestudio.com/centos/","",""
"Canada","QC","GloboTech Communications","http://www.gtcomm.net/","http://centos.mirror.gtcomm.net/","",""
"Canada","QC","iWeb Technologies Inc.","http://iweb.com/","http://centos.mirror.iweb.ca/","ftp://centos.mirror.iweb.ca/","rsync://centos.mirror.iweb.ca/centos"
"Canada","QC","Netelligent","http://www.netelligent.ca/centos/","http://centos.mirror.netelligent.ca/centos/","",""
"Canada","QC","OVH Canada","http://www.ovh.com/ca/en/","http://centos.bhs.mirrors.ovh.net/ftp.centos.org/","ftp://centos.bhs.mirrors.ovh.net/ftp.centos.org/","rsync://centos.bhs.mirrors.ovh.net/ftp.centos.org/"
"Canada","QC","PlanetHoster Canada","http://www.planethoster.net/","http://centos.mirror.ca.planethoster.net/","",""
"Canada","QC","VEXXHOST","http://www.vexxhost.com/","http://centos.mirror.vexxhost.com/","ftp://mirror.vexxhost.com/centos/","rsync://mirror.vexxhost.com/centos/"
"EU","Armenia","ARMINCO Global Telecommunications","http://www.arminco.com/","http://centos.mirrors.arminco.com/","",""
"EU","Austria","Goodie Domain Service","http://gd.tuwien.ac.at/","http://gd.tuwien.ac.at/opsys/linux/centos/","ftp://gd.tuwien.ac.at/opsys/linux/centos/","rsync://gd.tuwien.ac.at/opsys/linux/centos/"
"EU","Austria","netzpionier and it&tel","http://www.mirroraustria.at/","http://centos.mirroraustria.at/","http://centos.mirroraustria.at/","rsync://centos.mirroraustria.at/CentOS/"
"EU","Azerbaijan","Delta Telecom LTD ","http://delta-telecom.net/","http://centos.datacenter.az/","",""
"EU","Belarus","RUE Beltelecom, ByFly ISP.","http://byfly.by/","http://ftp.byfly.by/pub/CentOS/","ftp://ftp.byfly.by/pub/CentOS/","rsync://ftp.byfly.by/pub/CentOS/"
"EU","Belgium","All In One","http://www.all-in-one.be/","http://mirror.myip.be/pub/centos/","",""
"EU","Belgium","Connexeon bvba","http://www.connexeon.com","http://centos.mirror.connexeon.net/","",""
"EU","Belgium","Cu.be Solutions","http://cu.be/","http://centos.cu.be/","",""
"EU","Belgium","EURid (BE)","http://www.eurid.eu/","http://be.mirror.eurid.eu/centos/","ftp://be.mirror.eurid.eu/centos/",""
"EU","Belgium","Nucleus","http://www.nucleus.be/","http://centos.mirror.nucleus.be/","ftp://centos.mirror.nucleus.be/",""
"EU","Belgium","WeePee telecom","http://www.weepeetelecom.be/","http://centos.weepeetelecom.be/","",""
"EU","Bosnia & Herzegovina","BH Telecom","http://www.bhtelecom.ba","http://mirror.centos.com.ba/","ftp://mirror.centos.com.ba/centos/","ftp://mirror.centos.com.ba/centos/"
"EU","Bulgaria","Cherybg (Private Mirror)","http://www.cherybg.com/","http://mirror.cherybg.com/centos/","",""
"EU","Bulgaria","Neterra LTD","http://www.neterra.net/","http://mirrors.neterra.net/centos/","ftp://mirrors.neterra.net/centos/","rsync://mirrors.neterra.net/centos/"
"EU","Bulgaria","Svetozar Mihailov Private Mirror","","http://mirror.zarhi.com/","http://mirror.zarhi.com/",""
"EU","Bulgaria","Telecoms Ltd.","http://www.telecoms.bg/","http://centos.telecoms.bg/","ftp://centos.telecoms.bg/",""
"EU","Bulgaria","Telepoint Bulgaria","http://telepoint.bg/","http://mirror.telepoint.bg/centos/","ftp://mirror.telepoint.bg/centos/",""
"EU","Croatia","Plus Hosting","http://www.plus.hr/","http://mirror.centos.plus.hr/centos/","ftp://mirror.centos.plus.hr/centos/",""
"EU","Cyprus","Dept. of Computer Science, University of Cyprus","http://www.cs.ucy.ac.cy/","http://mirror.cs.ucy.ac.cy/centos/","ftp://mirror.cs.ucy.ac.cy/centos/",""
"EU","Czech Republic","Brno University of Technology","http://www.fit.vutbr.cz/","http://merlin.fit.vutbr.cz/mirrors/centos/","","rsync://merlin.fit.vutbr.cz/CentOS-incdvd/"
"EU","Czech Republic","Czech Technical University","http://www.cvut.cz","http://ftp.cvut.cz/centos/","ftp://ftp.cvut.cz/centos/",""
"EU","Czech Republic","Faculty of Informatics, Masaryk Univ.","http://www.fi.muni.cz/","http://ftp.fi.muni.cz/pub/linux/centos/","ftp://ftp.fi.muni.cz/pub/linux/centos/","rsync://ftp.fi.muni.cz/pub/linux/centos/"
"EU","Czech Republic","Hosting90 systems s.r.o.","http://www.hosting90.cz/","http://mirror.hosting90.cz/centos/","ftp://mirror.hosting90.cz/centos/",""
"EU","Czech Republic","Karneval Media","http://www.karneval.cz","http://mirror.karneval.cz/pub/centos/","ftp://mirror.karneval.cz/pub/centos/",""
"EU","Czech Republic","Silesian university in Opava","http://www.slu.cz/","http://mirror.slu.cz/centos/","ftp://mirror.slu.cz/centos/","rsync://mirror.slu.cz/centos/"
"EU","Denmark","Carlsberg Research Center","http://www.crc.dk/","","ftp://ftp.crc.dk/pub/mirrors/centos/",""
"EU","Denmark","EasySpeedy","http://easyspeedy.com/","http://mirror.easyspeedy.com/centos/","ftp://mirror.easyspeedy.com/centos/","rsync://mirror.easyspeedy.com/centos/"
"EU","Denmark","Physics Dept, Technical Univ of Denmark","http://www.fys.dtu.dk/","http://mirror.fysik.dtu.dk/linux/centos/","",""
"EU","Denmark","Skytech","http://skytech.dk/","http://centos.skarta.net/","","rsync://centos.skarta.net::CentOS"
"EU","Estonia","Elion Enterprises Ltd","http://www.elion.ee/wwwmain?screenId=html.main&locale=en","http://ftp.estpak.ee/pub/centos/","ftp://ftp.estpak.ee/pub/centos/","rsync://ftp.estpak.ee/centos"
"EU","Finland","Academica Oy","http://academica.fi/","http://mirror.academica.fi/CentOS/","ftp://mirror.academica.fi/CentOS/","rsync://mirror.academica.fi/CentOS"
"EU","Finland","CSC / Funet","http://www.nic.funet.fi/","http://ftp.funet.fi/pub/mirrors/centos.org/","ftp://ftp.funet.fi/pub/mirrors/centos.org/","rsync://rsync.nic.funet.fi/ftp/pub/mirrors/centos.org/"
"EU","France","Atos Worldline","http://www.atos.net/","http://mirrors.atosworldline.com/public/centos/","",""
"EU","France","Avenir Telematique SAS","http://www.ate.info","http://mirror.ate.info/ftp.centos.org/","",""
"EU","France","Centre de Calcul de l'IN2P3","http://cc.in2p3.fr/","http://mirror.in2p3.fr/linux/CentOS/","ftp://mirror.in2p3.fr/pub/linux/CentOS/","rsync://mirror.in2p3.fr/ftp/linux/CentOS/"
"EU","France","CIRIL","http://reseau.ciril.fr","http://ftp.ciril.fr/pub/linux/centos/","ftp://ftp.ciril.fr/pub/linux/centos/","rsync://ftp.ciril.fr/pub/linux/centos/"
"EU","France","Distrib Coffee","http://distrib-coffee.ipsl.jussieu.fr/","http://distrib-coffee.ipsl.jussieu.fr/pub/linux/centos/","ftp://distrib-coffee.ipsl.jussieu.fr/pub/linux/centos/","rsync://distrib-coffee.ipsl.jussieu.fr/pub/linux/centos/"
"EU","France","ftp.free.fr","","","ftp://ftp.free.fr/mirrors/ftp.centos.org/",""
"EU","France","Institut Pasteur","http://www.pasteur.fr/","","ftp://ftp.pasteur.fr/pub/computing/linux/centos/",""
"EU","France","ircam","http://mirrors.ircam.fr/pub/CentOS/","http://mirrors.ircam.fr/pub/CentOS/","ftp://mirrors.ircam.fr/pub/CentOS/","rsync://mirrors.ircam.fr/CentOS/"
"EU","France","Matt Clements (private mirror)","http://mattclements.co.uk/","http://centos.mattclements.co.uk/","",""
"EU","France","OVH","http://www.ovh.net","http://mirror.ovh.net/ftp.centos.org/","ftp://mirror.ovh.net/ftp.centos.org/","rsync://mirror.ovh.net/ftp.centos.org/"
"EU","France","PlanetHoster France","http://www.planethoster.net/","http://centos.mirror.fr.planethoster.net/","",""
"EU","France","RelouFR Networks","http://www.reloumirrors.net/","http://centos.crazyfrogs.org/","","rsync://centos.crazyfrogs.org/centos/"
"EU","France","Rezopole","http://www.rezopole.net/","http://ftp.rezopole.net/centos/","ftp://ftp.rezopole.net/centos/","ftp.rezopole.net::centos"
"EU","France","Rpmfind","http://rpmfind.net/","http://fr2.rpmfind.net/linux/centos/","ftp://fr2.rpmfind.net/linux/centos/","rsync://fr2.rpmfind.net/linux/centos/"
"EU","France","Syntis","http://www.syntis.net/","http://mir01.syntis.net/CentOS/","ftp://mir01.syntis.net/CentOS/","mir01.syntis.net::CentOS "
"EU","France","Université Paris 13","http://www.univ-paris13.fr/","http://miroir.univ-paris13.fr/centos/","",""
"EU","Georgia","Caucasus Online","http://www.co.ge/","http://centos.mirror.srv.co.ge/","",""
"EU","Georgia","Wanex LLC (ISP)","http://www.wanex.net","http://mirror.centos.ge/","ftp://mirror.centos.ge/",""
"EU","Germany","Artfiles New Media GmbH ","http://www.artfiles.de/","http://artfiles.org/centos.org/","ftp://artfiles.org/centos.org/",""
"EU","Germany","ATrpms","http://www.atrpms.net/","http://mirror.atrpms.net/centos/","",""
"EU","Germany","Checkdomain GmbH","http://www.checkdomain.de/","http://mirror.checkdomain.de/centos","ftp://mirror.checkdomain.de/centos",""
"EU","Germany","Copahost","http://www.copahost.com/","http://centos.copahost.com/","",""
"EU","Germany","EUserv Internet","http://www.euserv.com/","http://mirror.euserv.net/linux/centos/","ftp://mirror.euserv.net/linux/centos/","rsync://mirror.euserv.net::centos"
"EU","Germany","Faerber (Private Mirror)","","http://mirror.maeh.org/centos/","ftp://mirror.maeh.org/centos/",""
"EU","Germany","Fraunhofer-Gesellschaft","http://www.fraunhofer.de/","","ftp://mirror.fraunhofer.de/centos.org/",""
"EU","Germany","Friedrich-Alexander-Universität Erlangen-Nürnberg","http://www.fau.de/","http://ftp.fau.de/centos/","ftp://ftp.fau.de/centos/","rsync://ftp.fau.de/centos/"
"EU","Germany","Host Europe","http://www.hosteurope.de/","http://ftp.hosteurope.de/mirror/centos.org/","ftp://ftp.hosteurope.de/mirror/centos.org/","rsync://ftp.hosteurope.de/centos/"
"EU","Germany","Intergenia","http://www.server4you.de/","http://centos.intergenia.de/","","rsync://centos.intergenia.de/centos-linux/"
"EU","Germany","Juergen Gotteswinter (private)","","http://mirror.jgotteswinter.com/centos/","ftp://ftp.jgotteswinter.com/centos/","rsync://rsync.jgotteswinter.com/centos/"
"EU","Germany","LeaseWeb Germany","http://www.leaseweb.com/","http://mirror.de.leaseweb.net/centos/","ftp://mirror.de.leaseweb.net/centos/","rsync://mirror.de.leaseweb.net/centos/"
"EU","Germany","LMU Muenchen, Dpt. Biologie 2, IT-Gruppe","http://zi.bio.lmu.de/","http://centos.bio.lmu.de/","ftp://centos.bio.lmu.de/centos/","rsync://centos.bio.lmu.de/CentOS/"
"EU","Germany","NetCologne","http://netcologne.de","http://mirror.netcologne.de/centos/","ftp://mirror.netcologne.de/centos/","rsync://mirror.netcologne.de/centos/"
"EU","Germany","Plus.line AG","http://www.plusline.de","http://ftp.plusline.de/centos/","ftp://ftp.plusline.de/pub/centos/","rsync://ftp.plusline.de/CentOS/"
"EU","Germany","PSW Group","http://www.psw.net/","http://centos.psw.net/centos/","",""
"EU","Germany","Rechenzentrum Universität Bayreuth","http://www.rz.uni-bayreuth.de/","http://ftp.uni-bayreuth.de/linux/CentOS/","ftp://ftp.uni-bayreuth.de/pub/linux/CentOS/","rsync://rsync.uni-bayreuth.de/CentOS/"
"EU","Germany","RWTH Aachen University","http://www.rwth-aachen.de","http://ftp.halifax.rwth-aachen.de/centos/","ftp://ftp.halifax.rwth-aachen.de/centos/","rsync://ftp.halifax.rwth-aachen.de/centos/"
"EU","Germany","Schlund Technologies GmbH","http://www.schlundtech.de/","http://centos.schlundtech.de/","ftp://centos.schlundtech.de/centos/","rsync://centos.schlundtech.de/centos/"
"EU","Germany","Sky Link Data Center","http://skylink-datacenter.de/","http://mirror.skylink-datacenter.de/centos/","ftp://mirror.skylink-datacenter.de/centos/","rsync://mirror.skylink-datacenter.de/centos/"
"EU","Germany","Softaculous ltd.","http://www.softaculous.com/","http://mirror.softaculous.com/centos/","",""
"EU","Germany","Tim Harsdorf","http://www.timharsdorf.de/home/","http://centos.mirror.linuxwerk.com/","",""
"EU","Germany","TU Chemnitz","http://www.tu-chemnitz.de/","http://wftp.tu-chemnitz.de/pub/linux/centos/","ftp://ftp.tu-chemnitz.de/pub/linux/centos/","rsync://rsync.hrz.tu-chemnitz.de/ftp/pub/linux/centos/"
"EU","Germany","University of Applied Sciences Esslingen","http://www.fht-esslingen.de/de/44","http://ftp-stud.fht-esslingen.de/pub/Mirrors/centos/","ftp://ftp-stud.fht-esslingen.de/pub/Mirrors/centos/","rsync://ftp-stud.fht-esslingen.de/centos/"
"EU","Germany","University of Applied Sciences Esslingen 2","http://www.fht-esslingen.de/de/44","http://mirror2.hs-esslingen.de/centos/","","rsync://mirror2.hs-esslingen.de/centos/"
"EU","Germany","University of Applied Sciences Fulda","http://www.hs-fulda.de/","http://mirror.informatik.hs-fulda.de/centos","","rsync://mirror.informatik.hs-fulda.de/centos/"
"EU","Germany","Vieth Server","http://mirror-server.de/","http://centos.mirror-server.de/","",""
"EU","Greece","Computer Center, University of Crete","http://www.cc.uoc.gr/","http://ftp.cc.uoc.gr/CentOS/","ftp://ftp.cc.uoc.gr/CentOS/",""
"EU","Greece","Hellenic Telecommunications Organization","http://www.ote.gr/","http://ftp.otenet.gr/linux/centos/","ftp://ftp.otenet.gr/pub/linux/centos/",""
"EU","Greece","NTUA","http://www.ntua.gr/","http://ftp.ntua.gr/pub/linux/centos/","ftp://ftp.ntua.gr/pub/linux/centos/","rsync://ftp.ntua.gr/centos/"
"EU","Hungary","Free Software Network foundation","http://www.fsn.hu/","http://ftp.freepark.org/pub/linux/distributions/centos/","ftp://ftp.freepark.org/pub/linux/distributions/centos/","rsync://ftp.freepark.org/linux/centos/"
"EU","Iceland","Siminn","http://www.simnet.is/","http://www.fedora.is/CentOS/","ftp://ftp.fedora.is/pub/CentOS/",""
"EU","Iceland","TM Software","http://www.tm-software.com","http://centos.t.is/centos/","ftp://centos.t.is/centos/",""
"EU","Ireland","HEAnet","http://www.heanet.ie/about/index.html","http://ftp.heanet.ie/pub/centos/","ftp://ftp.heanet.ie/pub/centos/","rsync://ftp.heanet.ie/pub/centos/"
"EU","Italy","2nd University of Rome","www.uniroma2.it","http://centos.fis.uniroma2.it","ftp://cis.uniroma2.it/LinuxF/CentOS",""
"EU","Italy","Clouditalia Communications","http://www.eutelia.it/","","ftp://ftp.eutelia.it/CentOS",""
"EU","Italy","Contactlab","http://www.contactlab.com/","http://it.centos.contactlab.it/","",""
"EU","Italy","Crazy Network","http://crazynetwork.it/","http://mirror.crazynetwork.it/centos/","","rsync://mirror.crazynetwork.it/centos/"
"EU","Italy","Fastbull project","http://www.fastbull.org/home_english.html","http://centos.fastbull.org/centos/","",""
"EU","Italy","GARR/CILEA","http://mirror.garr.it","http://mi.mirror.garr.it/mirrors/CentOS/","ftp://mi.mirror.garr.it/mirrors/CentOS/","rsync://mi.mirror.garr.it/CentOS/"
"EU","Italy","Prometeus","http://www.prometeus.net/","http://mirrors.prometeus.net/centos/","",""
"EU","Italy","Range-ID","http://www.range-id.it/","http://centos.mirror.range-id.it/","",""
"EU","Latvia","ChampGround","http://www.champground.com/","http://champground.com/centos/","",""
"EU","Latvia","koyanet.lv","","http://centos.koyanet.lv/centos/","ftp://centos.koyanet.lv/centos/",""
"EU","Latvia","Linux Center, University of Latvia","http://linux.edu.lv/index.php","http://centos.linux.edu.lv/","ftp://centos.linux.edu.lv/centos.linux.edu.lv/","rsync://centos.linux.edu.lv/centos/"
"EU","Latvia","Makonix SIA","http://makonix.com/","http://mirror.makonix.com/centos/","",""
"EU","Lithuania","Balticservers.com","http://www.balticservers.com/","http://mirror.duomenucentras.lt/centos/","ftp://mirror.duomenucentras.lt/centos/",""
"EU","Lithuania","Interneto vizija","http://www.serveriai.lt/","http://centos.mirror.serveriai.lt/","",""
"EU","Lithuania","UAB Esnet","http://www.vpsnet.lt/","http://centos.vpsnet.lt/","",""
"EU","Luxembourg","root S.A","http://www.root.lu/","http://centos.mirror.root.lu/","ftp://mirror.root.lu/centos/","rsync://mirror.root.lu/CentOS"
"EU","Macedonia","Cabletel Macedonia","http://cabletel.com.mk/","http://mirror.cabletel.com.mk/centos/","",""
"EU","Moldova","FedoraMD.org","http://www.fedoramd.org/","http://repo.fedoramd.org/centos/","ftp://ftp.fedoramd.org/centos/",""
"EU","Netherlands","1000mbps.com","http://www.1000mbps.com/","http://mirror.1000mbps.com/centos/","ftp://mirror.1000mbps.com/centos/","rsync://mirror.1000mbps.com/centos/"
"EU","Netherlands","ColoCenter","http://www.colocenter.nl/","http://mirror.colocenter.nl/pub/centos/","",""
"EU","Netherlands","Delft University of Technology","http://www.tudelft.nl/","http://ftp.tudelft.nl/centos.org/","ftp://ftp.tudelft.nl/pub/Linux/centos.org/",""
"EU","Netherlands","EURid (NL)","http://www.eurid.eu/","http://nl.mirror.eurid.eu/centos/","ftp://nl.mirror.eurid.eu/centos/",""
"EU","Netherlands","INTERACTIVE 3D","http://www.i3d.net/","http://mirror.i3d.net/pub/centos/","ftp://mirror.i3d.net/centos/","rsync://mirror.i3d.net::centos"
"EU","Netherlands","LeaseWeb","http://www.leaseweb.com","http://mirror.nl.leaseweb.net/centos/","ftp://mirror.nl.leaseweb.net/centos/","rsync://mirror.nl.leaseweb.net/centos/"
"EU","Netherlands","Linux Kernel Archives (NL)","http://www.kernel.org/","http://mirrors.nl.kernel.org/centos/","ftp://mirrors.nl.kernel.org/centos/","rsync://mirrors.nl.kernel.org/centos/"
"EU","Netherlands","Mj Webhosting","https://www.mjwebhosting.nl/","http://mirror.serverbeheren.nl/centos/","ftp://mirror.serverbeheren.nl/centos/","rsync://mirror.serverbeheren.nl/centos/"
"EU","Netherlands","MuntInternet","http://www.muntinternet.nl/","http://mirror.muntinternet.net/pub/centos/","ftp://mirror.muntinternet.net/pub/centos/","rsync://mirror.muntinternet.net/pub/centos/"
"EU","Netherlands","NLUUG","http://www.nluug.nl/","http://ftp.nluug.nl/ftp/pub/os/Linux/distr/CentOS/","ftp://ftp.nluug.nl/pub/os/Linux/distr/CentOS/","rsync://ftp.nluug.nl/centoslinux/"
"EU","Netherlands","Prolocation B.V.","http://www.prolocation.net/","http://mirror.prolocation.net/centos/","",""
"EU","Netherlands","Proserve","http://www.proserve.nl/","http://mirror.proserve.nl/centos/","ftp://mirror.proserve.nl/centos/",""
"EU","Netherlands","Spango Internet BV","http://www.spango.com/nl/index.html","http://centos.mirror1.spango.com/","ftp://mirror1.spango.com/centos/",""
"EU","Netherlands","Supportex","http://supportex.net/","http://mirrors.supportex.net/centos/","",""
"EU","Netherlands","TransIP BV","http://www.transip.nl/","http://centos.mirror.transip.nl/","ftp://centos.mirror.transip.nl/Centos/",""
"EU","Netherlands","Triple IT","http://www.triple-it.nl/","http://centos.mirror.triple-it.nl/","",""
"EU","Netherlands","University of Utrecht","http://www.cs.uu.nl/","http://archive.cs.uu.nl/mirror/Linux/centos/","ftp://ftp.cs.uu.nl/mirror/Linux/centos/","rsync://rsync.cs.uu.nl/CentOS/"
"EU","Netherlands","ViralVPS","http://www.viralvps.com/","http://mirrors.viralvps.com/centos/","",""
"EU","Netherlands","Webzilla","http://webzilla.com/","http://mirror.nl.webzilla.com/CentOS/","ftp://mirror.nl.webzilla.com/CentOS/","rsync://mirror.nl.webzilla.com/CentOS/"
"EU","Netherlands","WeePee telecom NL","http://www.weepeetelecom.be/","http://centos.weepeetelecom.nl/","",""
"EU","Netherlands","WideXS","http://www.widexs.nl","http://mirror.widexs.nl/ftp/pub/os/Linux/distr/centos/","ftp://mirror.widexs.nl/pub/os/Linux/distr/centos/",""
"EU","Netherlands","Yourwebhoster.eu","http://yourwebhoster.eu/","http://mirror.yourwebhoster.eu/centos/","",""
"EU","Norway","Searchdaimon","http://www.searchdaimon.com/","http://mirror.searchdaimon.com/Linux/centos/","",""
"EU","Norway","University of Bergen","http://www.uib.no/","http://centos.uib.no/","ftp://centos.uib.no/pub/Linux/Distributions/centos/","rsync://centos.uib.no/centos/"
"EU","Norway","University of Oslo","http://ftp.uninett.no","http://ftp.uninett.no/pub/Linux/centos/","ftp://ftp.uninett.no/pub/linux/centos/","rsync://ftp.uninett.no/centos/"
"EU","Norway","ViaNett AS","http://www.vianett.com/","http://centos.vianett.no/","ftp://centos.vianett.no/pub/centos/",""
"EU","Poland","ICM Warsaw","http://www.icm.edu.pl/","http://sunsite.icm.edu.pl/pub/Linux/distributions/centos/","ftp://sunsite.icm.edu.pl/pub/Linux/distributions/centos/","rsync://sunsite.icm.edu.pl/pub/Linux/distributions/centos/"
"EU","Poland","IONIC.pl","http://www.ionic.pl/","http://centos.ionic.net.pl/","ftp://centos.ionic.net.pl/",""
"EU","Poland","Kielce Technology Park","http://www.technopark.kielce.pl/","http://mirror-pl.kielcetechnologypark.net/centos/","ftp://mirror-pl.kielcetechnologypark.net/centos/",""
"EU","Poland","LiveNet Sp. z o.o. ","http://www.slaskdatacenter.pl/","http://centos.slaskdatacenter.com/","ftp://centos.slaskdatacenter.com/","rsync://centos.slaskdatacenter.com/centos"
"EU","Poland","pbone.net","http://www.pbone.net/","http://ftp.pbone.net/pub/centos/","ftp://ftp.pbone.net/pub/centos/","rsync://ftp.pbone.net/pub/centos/"
"EU","Poland","Polish Telecom","http://www.tp.pl/","","ftp://ftp.tpnet.pl/d23/centos/","rsync://ftp.tpnet.pl/centos/"
"EU","Poland","Rzeszow University of Technology","http://www.prz.edu.pl/","http://ftp.prz.edu.pl/centos/","ftp://ftp.prz.edu.pl/pub/centos/","rsync://ftp.prz.edu.pl/centos/"
"EU","Poland","Szczecin University of Technology","http://www.ps.pl/","http://ftp.ps.pl/pub/Linux/CentOS/","ftp://ftp.ps.pl/pub/Linux/CentOS/",""
"EU","Poland","Vectra","http://www.vectra.pl/","http://ftp.vectranet.pl/centos/","ftp://ftp.vectranet.pl/centos/","rsync://ftp.vectranet.pl/centos/"
"EU","Portugal","nfsi telecom","http://www.nfsi.pt/","http://mirrors.nfsi.pt/CentOS/","ftp://ftp.nfsi.pt/pub/CentOS/",""
"EU","Portugal","Univ. of Coimbra, Informatics Eng. Dept.","http://www.dei.uc.pt/","http://ftp.dei.uc.pt/pub/linux/CentOS/","ftp://ftp.dei.uc.pt/pub/linux/CentOS/",""
"EU","Portugal","University of Porto","http://www.up.pt/","http://ftp.up.pt/CentOS/","ftp://ftp.up.pt/pub/CentOS/",""
"EU","Romania","BizTelecom Romania","http://www.biztelecom.ro/","http://mirrors.biztelecom.ro/centos/","","rsync://mirrors.biztelecom.ro/centos/"
"EU","Romania","CH-Center Hosting","http://www.ch-center.com/","http://mirrors.ch-center.com/centos/","",""
"EU","Romania","Dhost Software","http://dhost.ro/","http://ns3.dhost.ro/centosmirros/","ftp://ns3.dhost.ro/centos/",""
"EU","Romania","Pidgin Host","http://www.pidginhost.com/","http://mirrors.pidginhost.com/centos/","ftp://mirrors.pidginhost.com/centos/","mirrors.pidginhost.com::CentOS"
"EU","Romania","RCS and RDS","http://www.rcs-rds.ro/","http://centos.mirrors.linux.ro/","ftp://ftp.linux.ro/centos/",""
"EU","Romania","Romanian Linux Users Group (ines)","http://www.lug.ro/","http://ftp.ines.lug.ro/centos/","ftp://ftp.ines.lug.ro/centos/",""
"EU","Romania","Romtelecom","http://cyberhost.ro/","http://centos-mirror.cyberhost.ro/","ftp://centos-mirror.cyberhost.ro/",""
"EU","Romania","Telepoint","http://telepoint.bg/","http://mirror.telepoint.bg/centos","ftp://mirror.telepoint.bg/centos",""
"EU","Romania","Universitatea Aurel Vlaicu Arad","http://www.uav.ro/","","ftp://mirrors.uav.ro/centos/",""
"EU","Romania","UPC Romania","http://www.upc.ro/","http://ftp.astral.ro/distros/centos/","ftp://ftp.astral.ro/distros/centos/",""
"EU","Romania","Xservers.ro","http://www.xservers.ro/","http://mirrors.xservers.ro/centos/","",""
"EU","Russia"," Tver State University","","http://mirror.tversu.ru/centos/","",""
"EU","Russia","Astrakhan Page ISP","http://www.astpage.ru/","http://mirror.astpage.ru/centos/","","rsync://mirror.astpage.ru/centos/"
"EU","Russia","Awanti ISP","http://www.awanti.com/","http://mirror.awanti.com/centos/","ftp://mirror.awanti.com/centos/",""
"EU","Russia","Internet Hosting LTD","http://majorhost.net/","http://mirror.majorhost.net/centos/","",""
"EU","Russia","Logol Hosting Company","http://logol.ru/","http://mirror.logol.ru/centos/","ftp://mirror.logol.ru/centos/","rsync://mirror.logol.ru/centos/"
"EU","Russia","Private Mirror (Micro8240)","","","ftp://linux-mirror.no-ip.org/CentOS/","rsync://linux-mirror.no-ip.org/CentOS/"
"EU","Russia","RADIUS, Ltd.","","http://mirror.vilkam.ru/centos/","ftp://mirror.vilkam.ru/centos/","rsync://mirror.vilkam.ru/centos/"
"EU","Russia","RosBusinessConsulting","http://www.rbc.ru/","http://centos-mirror.rbc.ru/pub/centos/","",""
"EU","Russia","Yandex","http://www.yandex.ru/","http://mirror.yandex.ru/centos/","ftp://mirror.yandex.ru/centos/","rsync://mirror.yandex.ru/centos/"
"EU","Slovakia","Energotel a.s.","http://www.energotel.sk","http://ftp.energotel.sk/pub/linux/centos/","ftp://ftp.energotel.sk/pub/linux/centos/","rsync://ftp.energotel.sk/centos/"
"EU","Slovakia","Rainside","http://www.rainside.sk/","http://tux.rainside.sk/centos/","ftp://tux.rainside.sk/centos/",""
"EU","Slovakia","University of P.J.Safarik","http://www.upjs.sk/","http://ftp.upjs.sk/pub/centos/","ftp://ftp.upjs.sk/pub/centos/",""
"EU","Slovenia","ARNES","http://www.arnes.si/","http://ftp.arnes.si/pub/mirrors/centos.org/","ftp://ftp.arnes.si/mirrors/centos.org/",""
"EU","Slovenia","lihnidos.org","http://www.lihnidos.org","http://mirror.lihnidos.org/CentOS/","",""
"EU","Slovenia","PakNet IT","http://paknet.org/","http://mirrors.paknet.org/CentOS/","",""
"EU","Spain","CADT Software and Drafting, S.L. ","http://www.cadt.com/","http://centos.cadt.com/","",""
"EU","Spain","Centro Inform. Cientifico de Andalucia","http://www.cica.es/","http://ftp.cica.es/CentOS/","ftp://ftp.cica.es/CentOS/","rsync://rsync.cica.es/CentOS/"
"EU","Spain","CESCA","http://www.cesca.cat/","","ftp://ftp.cesca.cat/centos/","rsync://ftp.cesca.cat/centos/"
"EU","Spain","inAsset Networks","http://www.inasset.es/","http://mirror.trueinter.net/","ftp://mirror.trueinter.net/","rsync://mirror.trueinter.net/"
"EU","Spain","Oficina de Software Libre do CIXUG","http://www.cixug.es/osl/oficina/","http://ftp.cixug.es/CentOS/","ftp://ftp.cixug.es/CentOS/",""
"EU","Spain","RedIRIS, Spanish National Research Net.","http://www.rediris.es/index.en.html","http://sunsite.rediris.es/mirror/CentOS/","ftp://ftp.rediris.es/mirror/CentOS/",""
"EU","Spain","Universitat de Lleida","http://www.udl.es/","http://ftp.udl.es/pub/centos/","ftp://ftp.udl.es/pub/centos/",""
"EU","Spain","University of Seville (Spain)","http://www.us.es/","http://nervion.us.es/centos/","",""
"EU","Spain","Xtratelecom S.A.","http://www.xtratelecom.es/","http://centos.mirror.xtratelecom.es/","","centos.mirror.xtratelecom.es::CentOS"
"EU","Sweden","Availo AB","http://www.availo.se/","http://ftp.availo.se/centos/","ftp://ftp.availo.se/centos/","rsync://rsync.availo.se/centos/"
"EU","Sweden","Halmstad University","http://www.hh.se/","http://mirror.hh.se/centos/","ftp://mirror.hh.se/centos/",""
"EU","Sweden","Linux Kernel Archives (SE)","http://www.kernel.org/","http://mirrors.se.kernel.org/centos/","ftp://mirrors.se.kernel.org/centos/","rsync://mirrors.se.kernel.org/centos/"
"EU","Sweden","National Supercomputer Center, Linköping","http://www.nsc.liu.se/","http://mirror.nsc.liu.se/CentOS/","ftp://mirror.nsc.liu.se/CentOS/","rsync://mirror.nsc.liu.se/CentOS"
"EU","Sweden","Sunet FTP archive","http://basun.sunet.se/engelska.html","http://ftp.sunet.se/pub/Linux/distributions/centos/","ftp://ftp.sunet.se/pub/Linux/distributions/centos/","rsync://ftp.sunet.se/pub/Linux/distributions/centos/"
"EU","Sweden","the computer society at Lund University","http://www.df.lth.se/","http://ftp.df.lth.se/pub/centos/","ftp://ftp.df.lth.se/pub/centos/","rsync://ftp.df.lth.se/centos"
"EU","Sweden","Zetup AB","http://www.zetup.se/","http://mirror.zetup.net/CentOS/","",""
"EU","Switzerland","Private Layer Inc.","http://www.privatelayer.com/","http://centos.privatelayer.com/","ftp://centos.privatelayer.com/","100"
"EU","Switzerland","SWITCHmirror","http://mirror.switch.ch","http://mirror.switch.ch/ftp/mirror/centos/","ftp://mirror.switch.ch/mirror/centos/",""
"EU","Turkey","7x24NET Türkiye","http://www.7x24web.net.tr/","http://mirror.7x24web.net.tr/centos","",""
"EU","Turkey","Bogazici University","http://www.boun.edu.tr/","http://repo.boun.edu.tr/centos/","ftp://repo.boun.edu.tr/centos/",""
"EU","Turkey","DGN Teknoloji","http://www.dgn.net.tr","http://ftp.dgn.net.tr/linux/centos/","",""
"EU","Turkey","Turkish Linux User's Association","http://www.linux.org.tr/ ","http://ftp.linux.org.tr/centos/","ftp://ftp.linux.org.tr/centos/","rsync://ftp.linux.org.tr/centos/"
"EU","Turkey","Vital Technology","http://www.vit.com.tr/","http://mirror.vit.com.tr/mirror/CentOS/","ftp://mirror.vit.com.tr/CentOS/",""
"EU","UK","Hyve Ltd.","http://www.hyve.com/","http://centos.hyve.com/","",""
"EU","UK","ServerSpace Ltd","http://www.serverspace.co.uk/","http://centos.serverspace.co.uk/centos/","ftp://centos.serverspace.co.uk/centos/","rsync://centos.serverspace.co.uk/centos/"
"EU","UK","Simwood eSMS Limited","http://www.simwood.com/","http://mirror.simwood.com/centos/","",""
"EU","UK","Somerset Technical Solutions Ltd","http://www.somersettechsolutions.co.uk/","http://mirror.stshosting.co.uk/centos/","ftp://mirror.stshosting.co.uk/centos/","rsync://mirror.stshosting.co.uk::centos"
"EU","UK","SynergyWorks Internet","http://www.synergyworks.co.uk/","http://mirror.synergyworks.co.uk/centos/","",""
"EU","UK","Umbee Ltd","http://www.umbeehosting.co.uk/","http://repo.umbeehosting.com/centos/","http://repo.umbeehosting.com/centos/","repo.umbeehosting.com::CentOS"
"EU","UK","VooServers","http://vooservers.com/","http://mirrors.vooservers.com/centos/","",""
"EU","UK","XILO Communications Ltd.","http://www.xilo.net/","http://mirror.mhd.uk.as44574.net/mirror.centos.org/","",""
"EU","Ukraine","ABN","http://www.abn-ad.com/","http://ftp.tlk-l.net/pub/mirrors/centos.org/","ftp://ftp.tlk-l.net/pub/mirrors/centos.org/","rsync://ftp.tlk-l.net/pub/mirrors/centos.org/"
"EU","Ukraine","Colocall Internet Data Center","http://www.colocall.net/","http://ftp.colocall.net/pub/centos/","ftp://ftp.colocall.net/pub/centos/",""
"EU","Ukraine","IT&T Consulting","https://itt-consulting.com/","http://centos.itt-consulting.com/","",""
"EU","Ukraine","LDS (Luganskie Domashnie Seti)","http://lds.ua/","","ftp://ftp.linux.lg.ua/pub/centos/",""
"EU","Ukraine","Mirohost","http://mirohost.net/","http://mirror.mirohost.net/centos/","ftp://mirror.mirohost.net/centos/",""
"EU","Ukraine","Ukrnames LLC ICANN","http://www.ukrnames.com/","http://mirror.ukrnames.com/mirrors/centos/","ftp://mirror.ukrnames.com/mirrors/centos/","rsync://mirror.ukrnames.com/centos/"
"EU","Ukraine","Vinnytsia IP-Connect","http://ip-connect.vn.ua/","http://centos.ip-connect.vn.ua/","ftp://centos.ip-connect.vn.ua/mirror/centos/","rsync://centos.ip-connect.vn.ua/centos/"
"EU","United Kingdom","AAISP","http://aa.net.uk/","http://mirror.for.me.uk/centos/","",""
"EU","United Kingdom","AS29550.net","http://mirror.as29550.net/","http://mirror.as29550.net/mirror.centos.org/","ftp://mirror.as29550.net/mirror.centos.org/",""
"EU","United Kingdom","Bytemark","http://www.bytemark.co.uk/","http://mirror.bytemark.co.uk/centos/","ftp://mirror.bytemark.co.uk/centos/","rsync://mirror.bytemark.co.uk/centos"
"EU","United Kingdom","Coreix","http://www.coreix.net/","http://mirrors.coreix.net/centos/","",""
"EU","United Kingdom","Goscomb Technologies Limited","http://www.goscomb.net/","http://mirror.sov.uk.goscomb.net/centos/","ftp://mirror.sov.uk.goscomb.net/centos/",""
"EU","United Kingdom","IceColo, a division of M247 Ltd","http://www.icecolo.com","","http://mirrors.manchester.m247.com/centos/","rsync://mirrors.manchester.m247.com/centos/"
"EU","United Kingdom","Krystal Secure Hosting Solutions","http://www.krystal.co.uk/","http://mirror.krystal.co.uk/centos/","ftp://mirror.krystal.co.uk/centos/","rsync://mirror.krystal.co.uk::centos"
"EU","United Kingdom","Melbourne Server Hosting Ltd.","http://www.melbourne.co.uk/","http://mirrors.melbourne.co.uk/sites/ftp.centos.org/centos/","ftp://mirrors.melbourne.co.uk/sites/ftp.centos.org/centos/",""
"EU","United Kingdom","Oxford University Computing Services","http://www.oucs.ox.ac.uk/","http://mirror.ox.ac.uk/sites/mirror.centos.org/","ftp://mirror.ox.ac.uk/sites/mirror.centos.org/",""
"EU","United Kingdom","Pulsant Ltd.","http://www.pulsant.co.uk/","http://centos.mirroring.pulsant.co.uk/","ftp://centos.mirroring.pulsant.co.uk/centos/",""
"EU","United Kingdom","UK Mirror Service - Univ. Kent","http://www.mirrorservice.org/","http://www.mirrorservice.org/sites/mirror.centos.org/","ftp://ftp.mirrorservice.org/sites/mirror.centos.org/","rsync://rsync.mirrorservice.org/mirror.centos.org/"
"EU","United Kingdom","UKFast.net Ltd","http://www.ukfast.co.uk/","http://mirrors.ukfast.co.uk/sites/ftp.centos.org/","ftp://mirrors.ukfast.co.uk/ftp.centos.org/",""
"EU","United Kingdom","Warwick University","http://www2.warwick.ac.uk/fac/sci/csc/","http://anorien.csc.warwick.ac.uk/mirrors/centos/","ftp://anorien.csc.warwick.ac.uk/CentOS/","rsync://anorien.csc.warwick.ac.uk/CentOS/"
"Greenland","","Tele Greenland","http://www.tele.gl","http://mirror.greennet.gl/centos/","",""
"Middle East","Israel","Interhost Networks","http://www.interhost.co.il/","http://centos.syn.co.il/","","rsync://centos.syn.co.il/centos/"
"Middle East","Israel","Israel Internet Association (ISOC-IL)","http://www.isoc.org.il/","http://mirror.isoc.org.il/pub/centos/","ftp://mirror.isoc.org.il/pub/centos/",""
"Middle East","Israel","Joinweb Hosting Ltd","http://www.joinweb.co.il/","http://centos.joinweb.co.il/","",""
"Middle East","Israel","SPD Hosting LTD","http://www.spd.co.il/","http://centos.spd.co.il/","",""
"Middle East","Oman","Sultan Qaboos University","http://www.squ.edu.om/","http://mirror.squ.edu.om/centos/","",""
"Middle East","Saudi Arabia","Saudi Telecom Company (STC)","","http://centos.saudi.net.sa","ftp://centos.saudi.net.sa",""
"North America","Mexico","Webxcreen","http://www.webxcreen.com/","http://centos.webxcreen.org/","",""
"Oceania","Australia","AARNet","http://mirror.aarnet.edu.au/","http://mirror.aarnet.edu.au/pub/centos/","ftp://mirror.aarnet.edu.au/pub/centos/","rsync://mirror.aarnet.edu.au/centos/"
"Oceania","Australia","BKB Internet","http://bkb.net.au/","http://mirror.mel.bkb.net.au/pub/centos/","",""
"Oceania","Australia","Colocity","http://www.colocity.com/","http://mirror.colocity.com/centos/","",""
"Oceania","Australia","Crucial Cloud Hosting","http://www.crucial.com.au/","http://centos.mirror.crucial.com.au/","ftp://centos.mirror.crucial.com.au/","mirror.crucial.com.au::CentOS"
"Oceania","Australia","GloVine Pty Ltd"," http://www.glovine.com.au/","http://centos.syd.au.glomirror.com.au/","",""
"Oceania","Australia","Hostcentral","http://www.hostcentral.net.au/","http://mirror.as24220.net/pub/centos/","ftp://mirror.as24220.net/pub/centos/","rsync://mirror.as24220.net/centos/"
"Oceania","Australia","Internode","http://www.internode.on.net/","http://mirror.internode.on.net/pub/centos/","",""
"Oceania","Australia","Over The Wire","http://www.overthewire.com.au/","http://mirror.overthewire.com.au/pub/centos/","ftp://mirror.overthewire.com.au/pub/centos/",""
"Oceania","Australia","RackCentral","http://rackcentral.com.au/","http://mirror.rackcentral.com.au/centos/","ftp://mirror.rackcentral.com.au/centos/","rsync://mirror.rackcentral.com.au/centos/"
"Oceania","Australia","Servers Australia Pty Ltd.","http://www.serversaustralia.com.au/","http://centos.mirror.serversaustralia.com.au/","",""
"Oceania","Australia","Swinburne University of Technology","http://www.swin.edu.au/","http://ftp.swin.edu.au/centos/","ftp://ftp.swin.edu.au/centos/","rsync://ftp.swin.edu.au/centos/"
"Oceania","Australia","UberGlobal","http://www.uber.com.au/","http://centos.mirror.uber.com.au/","","rsync://mirror.uber.com.au/centos"
"Oceania","Australia","VentraIP Group (Australia) Pty Ltd","http://www.ventraip.com.au/","http://mirror.ventraip.net.au/CentOS/","ftp://mirror.ventraip.net.au/CentOS/",""
"Oceania","Australia","Web24 Group Pty Ltd","http://www.web24.com.au/","http://mirror.web24.net.au/centos/","ftp://mirror.web24.net.au/centos/","rsync://mirror.web24.net.au/centos/"
"Oceania","Indonesia","Computer Center, Jember University","http://www.unej.ac.id/","http://mirror.unej.ac.id/centos/","ftp://mirror.unej.ac.id/centos/","rsync://mirror.unej.ac.id/centos"
"Oceania","New Zealand","University of Canterbury","http://canterbury.ac.nz/","http://ucmirror.canterbury.ac.nz/linux/CentOS/","ftp://ucmirror.canterbury.ac.nz/pub/linux/CentOS/",""
"Oceania","New Zealand","wicks.co.nz","http://wicks.co.nz/","http://ftp.wicks.co.nz/pub/linux/dist/centos/","ftp://ftp.wicks.co.nz/pub/linux/dist/centos/","rsync://ftp.wicks.co.nz/pub/linux/dist/centos/"
"Oceania","New Zealand","WorldxChange Communications Ltd","http://wxc.co.nz/","http://mirror.xnet.co.nz/pub/centos/","ftp://mirror.xnet.co.nz/pub/centos/",""
"South America","Argentina","ARSAT","http://www.arsat.com.ar/","http://mirrors.dcarsat.com.ar/centos/","",""
"South America","Argentina","CCT - CONICET MENDOZA","http://www.mendoza-conicet.gob.ar/","http://centos.mirror.mendoza-conicet.gob.ar/","",""
"South America","Argentina","xfree.com","http://www.xfree.com.ar/","http://centos.xfree.com.ar/","",""
"South America","Brazil","Centro de Computação Eletrônica / University of Sao Paulo","http://www.cce.usp.br/","http://linorg.usp.br/CentOS","","rsync://linorg.usp.br/CentOS"
"South America","Brazil","Federal University of Mato Grosso do Sul - UFMS","http://www-nt.ufms.br/","http://centos.ufms.br/","","rsync://centos.ufms.br/CentOS/"
"South America","Brazil","Globo.com","http://www.globo.com/","http://mirror.globo.com/centos/","",""
"South America","Brazil","Instituto Federal do Espírito Santo","http://www.ci.ifes.edu.br/","http://mirror.ci.ifes.edu.br/centos/","",""
"South America","Brazil","SecrelNet","http://secrel.com.br/","http://centos.secrel.com.br/","",""
"South America","Brazil","State University of Campinas - UNICAMP","http://www.ccuec.unicamp.br/","http://ftp.unicamp.br/pub/centos/","ftp://ftp.unicamp.br/pub/centos/","rsync://ftp.unicamp.br/centos/"
"South America","Brazil","Universidade Federal do Espírito Santo","http://www.ufes.br/","http://centos.ufes.br/","","rsync://centos.ufes.br/centos/"
"South America","Chile","Gtdinternet S.A.","","http://mirror.gtdinternet.com/","ftp://mirror.gtdinternet.com/pub/Linux/CentOS/",""
"South America","Chile","Universidad Tecnica Federico Santa Maria","http://portal.inf.utfsm.cl/","","ftp://ftp.inf.utfsm.cl/pub/Linux/CentOS/","rsync://ftp.inf.utfsm.cl/pub/Linux/CentOS/"
"South America","Colombia","EDATEL ISP","http://www.edatel.net.co/","http://mirror.edatel.net.co/centos/","",""
"South America","Costa Rica","abdicar Communications, S.A.","http://abdicar.com/","http://mirrors.abdicar.com/CentOS/","ftp://mirrors.abdicar.com/CentOS/","rsync://mirrors.abdicar.com/costarica_CentOS"
"South America","Costa Rica","University of Costa Rica","http://www.ucr.ac.cr/","http://mirrors.ucr.ac.cr/centos/","ftp://mirrors.ucr.ac.cr/pub/centos/","rsync://mirrors.ucr.ac.cr/centos/"
"South America","Ecuador","ESPOCH (Escuela Superior Politécnica de Chimborazo)","http://www.espoch.edu.ec/","http://mirror.espoch.edu.ec/centos/","","rsync://mirror.espoch.edu.ec/centos/"
"South America","Puerto Rico","University of Puerto Rico - HPCF","http://www.hpcf.upr.edu/","http://mirrors.hpcf.upr.edu/ftp/pub/Mirrors/CentOS/","ftp://mirrors.hpcf.upr.edu/pub/Mirrors/CentOS/",""
"US","","Facebook","http://developers.facebook.com/opensource","http://centos.mirror.facebook.net/","",""
"US","","Oregon State University","http://osuosl.org/","http://ftp.osuosl.org/pub/centos/","ftp://ftp.osuosl.org/pub/centos/","rsync://ftp.osuosl.org/centos/"
"US","","Rackspace","http://www.rackspace.com/","http://mirror.rackspace.com/CentOS/","",""
"US","AK","Arctic Region Supercomputing Center","http://www.arsc.edu/","http://mirrors.arsc.edu/centos/","ftp://mirrors.arsc.edu/centos/",""
"US","AL","Millry Telephone Co","http://www.millry.net/","http://mirror.millry.co/CentOS/","ftp://mirror.millry.co/CentOS/",""
"US","AL","Teklinks","http://teklinks.com/","http://mirror.teklinks.com/centos/","ftp://mirror.teklinks.com/centos/",""
"US","AZ","Cavecreek Web Hosting","http://www.cavecreek.net/","http://centos-distro.cavecreek.net/centos/","","rsync://centos-distro.cavecreek.net/CentOS/"
"US","AZ","Easynews","http://www.easynews.com/","http://mirrors.easynews.com//linux/centos/","ftp://mirrors.easynews.com//linux/centos/",""
"US","AZ","Singlehop, LLC","http://www.singlehop.com/","http://yum.phx.singlehop.com/centos/","",""
"US","CA","5Nine Solutions","http://www.5ninesolutions.com/","http://mirror.5ninesolutions.com/centos/","ftp://mirror.5ninesolutions.com/pub/mirror/centos/","rsync://mirror.5ninesolutions.com/centos/"
"US","CA","Energy Sciences Network","http://www.es.net/","http://linux.mirrors.es.net/centos/","ftp://linux.mirrors.es.net/centos/","rsync://linux.mirrors.es.net/centos/"
"US","CA","Fast Serv Networks, LLC","http://www.fastserv.com/web/","http://mirror.san.fastserv.com/pub/linux/centos/","ftp://mirror.san.fastserv.com/pub/linux/centos/",""
"US","CA","FreedomVoice","http://www.freedomvoice.com/","http://centos.mirror.freedomvoice.com/","ftp://mirror.freedomvoice.com/centos/","rsync://mirror.freedomvoice.com/centos/"
"US","CA","Harvey Mudd College","http://www.hmc.edu","http://mirror.hmc.edu/centos/","",""
"US","CA","Linux Kernel Archives","http://www.kernel.org/","http://mirrors.kernel.org/centos/","ftp://mirrors.kernel.org/centos/","rsync://mirrors.kernel.org/centos/"
"US","CA","NDCHost","http://ndchost.com/","http://centos.mirror.ndchost.com/","",""
"US","CA","Pac-12 Enterprises","http://www.pac-12.org/","http://mirror.pac-12.org/","",""
"US","CA","Sonic.net","http://sonic.net/","http://mirrors.sonic.net/centos/","ftp://mirrors.sonic.net/centos/",""
"US","CA","SONN","http://www.sonn.com/","http://centos.sonn.com/","",""
"US","CA","Stanford University","http://www.stanford.edu/","http://mirror.stanford.edu/yum/pub/centos/","ftp://mirror.stanford.edu/pub/mirrors/centos/","rsync://mirror.stanford.edu/mirrors/centos/"
"US","CA","TCPDIAG","","http://centos.tcpdiag.net/centos/","ftp://centos.tcpdiag.net/centos/","rsync://centos.tcpdiag.net/centos/"
"US","CA","University of Southern California","http://mirrors.usc.edu/","http://mirrors.usc.edu/pub/linux/distributions/centos/","ftp://mirrors.usc.edu/pub/linux/distributions/centos/","rsync://mirrors.usc.edu/centos/"
"US","CO","FDCservers.net LLC (Denver)","http://www.fdcservers.net","http://mirrordenver.fdcservers.net/centos/","",""
"US","CO","IcyBoards","http://icyboards.com/","http://centos.icyboards.com/","",""
"US","CO","LFCVPS","http://www.lfcvps.com/","http://mirrors.loosefoot.com/centos/","ftp://mirrors.loosefoot.com/centos/","rsync://mirrors.loosefoot.com/centos/"
"US","CO","SomeImage Image Hosting","http://someimage.com/","http://centos.someimage.com/","",""
"US","CO","tummy.com","http://www.tummy.com","http://mirrors.tummy.com/mirrors/CentOS/","",""
"US","CT","Connecticut Education Network","http://www.ct.gov/cen","http://mirror.net.cen.ct.gov/centos/","",""
"US","DC","ServInt","http://www.servint.com/","http://centos.servint.com/","",""
"US","DE","University of Delaware","http://ftp.lug.udel.edu/","http://mirror.lug.udel.edu/pub/centos/","",""
"US","FL","Atlantic.Net","http://www.atlantic.net/","","ftp://mirror.atlantic.net/pub/centos/",""
"US","FL","Mojohost","http://www.mojohost.com/","http://mirror.mojohost.com/centos/","ftp://mirror.mojohost.com/centos/",""
"US","FL","University of South Florida","http://www.usf.edu/","http://ftp.usf.edu/pub/centos/","ftp://ftp.usf.edu/pub/centos/",""
"US","GA","Georgia Tech","http://www.gtlib.gatech.edu/","http://www.gtlib.gatech.edu/pub/centos/","ftp://ftp.gtlib.gatech.edu/pub/centos/","rsync://rsync.gtlib.gatech.edu/centos/"
"US","HI","Advanced Network Computing Lab Hawaii","http://www.ancl.hawaii.edu/","http://mirror.ancl.hawaii.edu/linux/centos/","",""
"US","ID","SolutionPro","http://www.solutionpro.com/","http://mirror.spro.net/centos/","ftp://mirror.spro.net/centos/","rsync://mirror.spro.net/centos/"
"US","ID","Syringa Networks","http://www.syringanetworks.net/","http://mirrors.syringanetworks.net/centos/","ftp://mirrors.syringanetworks.net/centos/","rsync://mirrors.syringanetworks.net/CentOS/"
"US","IL","FDCservers.net LLC","http://www.fdcservers.net","http://mirror.fdcservers.net/centos/","ftp://mirror.fdcservers.net/centos/",""
"US","IL","GIGENET","http://www.gigenet.com/","http://mirrors.gigenet.com/centos/","ftp://mirrors.gigenet.com/centos/","rsync://mirrors.gigenet.com/centos/"
"US","IL","SanctuaryHost","http://www.sanctuaryhost.com","http://mirror.sanctuaryhost.com/centos/","",""
"US","IL","Server Axis Corporation","http://serveraxis.com/","http://mirrors.serveraxis.net/centos/","ftp://mirrors.serveraxis.net/centos/",""
"US","IL","SingleHop.com","http://SingleHop.com/","http://yum.singlehop.com/CentOS/","",""
"US","IL","Steadfast Networks","http://steadfast.net","http://mirror.steadfast.net/centos/","ftp://mirror.steadfast.net/centos/","rsync://mirror.steadfast.net/centos/"
"US","IL","Team Cymru","http://team-cymru.org/","http://mirror.team-cymru.org/CentOS/","ftp://mirror.team-cymru.org/CentOS/","rsync://mirror.team-cymru.org/CentOS"
"US","IL","University of Chicago, Astronomy","http://astro.uchicago.edu/","http://bay.uchicago.edu/centos/","ftp://bay.uchicago.edu/centos/","rsync://bay.uchicago.edu/CentOS/"
"US","IL","Your.Org","http://www.your.org/","http://ftpmirror.your.org/pub/centos/","ftp://ftpmirror.your.org/pub/centos/","rsync://ftpmirror.your.org/centos/"
"US","IN","Indiana University","http://pti.iu.edu/cs/software-applications/","","ftp://ftp.ussg.iu.edu/linux/centos/",""
"US","IN","NetNITCO Internet Services","http://www.netnitco.net/","http://centos.netnitco.net/","ftp://centos.netnitco.net/centos/",""
"US","MA","Harvard SEAS ARC","http://www.seas.harvard.edu/","http://mirrors.seas.harvard.edu/centos/","",""
"US","MD","University of Maryland, College Park","http://www.umd.edu/","http://mirror.umd.edu/centos/","ftp://mirror.umd.edu/centos/","rsync://mirror.umd.edu/centos/"
"US","MI","Central Michigan University","http://www.cmich.edu/","http://mirrors.cmich.edu/centos/","",""
"US","MI","CoreNetworks Dedicated Servers","http://corenetworks.net","http://centos.corenetworks.net/","",""
"US","MI","Liquid Web, Inc.","http://www.liquidweb.com/","http://mirrors.liquidweb.com/CentOS/","","rsync://mirrors.liquidweb.com/CentOS/"
"US","MI","MBNI, University of Michigan","http://www.mbni.med.umich.edu/","http://centos.mbni.med.umich.edu/mirror/","","rsync://centos.mbni.med.umich.edu/mirror"
"US","MI","Michigan State University Engineering De","http://www.egr.msu.edu/","http://ftp.egr.msu.edu/pub/centos","ftp://ftp.egr.msu.edu/pub/centos","rsync://ftp.egr.msu.edu::CentOS"
"US","MI","Michigan Tech Linux Users Group","http://lug.mtu.edu/","http://lug.mtu.edu/centos/","ftp://lug.mtu.edu/centos/","rsync://lug.mtu.edu/centos/"
"US","MI","Nexcess.Net","http://nexcess.net/","http://mirror.nexcess.net/CentOS/","",""
"US","MI","The Linux Fix","http://tlfhosting.com/","http://mirror.thelinuxfix.com/CentOS/","ftp://mirror.thelinuxfix.com/CentOS/","rsync://mirror.thelinuxfix.com/CentOS/"
"US","MI","University of Michigan  Flint","http://www.umflint.edu/","http://holmes.umflint.edu/centos/","",""
"US","MN","US Internet","http://www.usinternet.com/","http://mirrors.usinternet.com/centos/","","mirrors.usinternet.com::centos"
"US","MO","JCHost.net Internet Services","http://www.jchost.net/","http://centos-mirror.jchost.net/","",""
"US","NC","Duke University","http://www.linux.duke.edu/","http://mirror.linux.duke.edu/pub/centos/","ftp://mirror.linux.duke.edu/pub/centos/","rsync://mirror.linux.duke.edu/centos"
"US","NC","McClatchy Interactive","http://www.mcclatchyinteractive.com/","","ftp://mirror.nandomedia.com/pub/CentOS/",""
"US","NC","Netriplex, LLC","http://www.netriplex.com","http://centos.mirror.netriplex.com/","","rsync://centos.mirror.netriplex.com/CentOS"
"US","NC","North Carolina State University","http://www.linux.ncsu.edu/","http://ftp.linux.ncsu.edu/pub/CentOS/","ftp://ftp.linux.ncsu.edu/pub/CentOS/","rsync://ftp.linux.ncsu.edu/CentOS/"
"US","NE","University of Nebraska-Lincoln","http://www.unl.edu","http://mirror.unl.edu/centos/","",""
"US","NH","MetroCast Cablevision","http://www.metrocast.com/","http://mirror.metrocast.net/centos/","",""
"US","NJ","Constant Hosting","http://constant.com/","http://centos.mirror.constant.com/","",""
"US","NJ","interserver.net","http://interserver.net/","http://mirror.trouble-free.net/centos/","","rsync://mirror.trouble-free.net/centos/"
"US","NJ","Net Access Corporation","http://www.nac.net","http://centos.mirror.nac.net/","",""
"US","NJ","SolarVPS","http://www.solarvps.com/","http://mirror.solarvps.com/centos/","ftp://mirror.solarvps.com/centos/",""
"US","NV","Versaweb Hosting Services","http://www.versaweb.com/","http://mirrors.versaweb.com/centos/","ftp://mirrors.versaweb.com/centos/",""
"US","NY","Atlantic Metro Communications","http://www.atlanticmetro.net/","http://mirror.atlanticmetro.net/centos/","ftp://mirror.atlanticmetro.net/centos/",""
"US","NY","BuildDesignCreate.com","http://www.builddesigncreate.com/","http://centos.builddesigncreate.com/mirror/","",""
"US","NY","Clarkson University","http://www.clarkson.edu/","http://mirror.clarkson.edu/centos/","","rsync://mirror.clarkson.edu/centos"
"US","NY","Einstein College of Medicine","http://www.einstein.yu.edu/home/default.asp","http://mirrors.einstein.yu.edu/centos/","",""
"US","NY","New York Internet","http://nyi.net/","","ftp://mirror.nyi.net/centos/",""
"US","NY","NYU","http://www.nyu.edu/","http://mirror.es.its.nyu.edu/centos/","",""
"US","NY","Rochester Institute of Technology","http://www.rit.edu/","http://mirrors.rit.edu/centos/","","rsync://mirrors.rit.edu/centos/"
"US","NY","SpinelliCreations","http://www.spinellicreations.com/","http://centos.spinellicreations.com/","",""
"US","OH","Beyond Hosting","http://beyondhosting.net/","http://mirror.beyondhosting.net/CentOS/","",""
"US","OH","CISP / Yocolo","http://www.cisp.com","http://mirror.cisp.com/CentOS/","","rsync://mirror.cisp.com/CentOS"
"US","OH","HostingXtreme","http://hostingxtreme.com/","http://centos.hostingxtreme.com/","",""
"US","OK","University of Oklahoma","http://www.ou.edu/web.html","http://mirror.oss.ou.edu/centos/","ftp://mirror.oss.ou.edu/centos/","rsync://mirror.oss.ou.edu/centos/"
"US","OR","Canby Telcom ","http://www.canbytel.com/","http://mirror.web-ster.com/centos/","ftp://mirror.web-ster.com/centos/","rsync://mirror.web-ster.com/centos/"
"US","OR","Portland State Univ.","http://www.cat.pdx.edu/","http://mirrors.cat.pdx.edu/centos/","","rsync://mirrors.cat.pdx.edu/centos/"
"US","OR","TOCICI LLC","http://www.tocici.com/","http://mirror.tocici.com/centos/","",""
"US","PA","Datto Inc.","http://www.dattobackup.com/","http://mirror.dattobackup.com/CentOS/","",""
"US","PA","Hoobly Classifieds","http://www.hoobly.com/","http://centos.mirrors.hoobly.com/","",""
"US","PA","IT7 Networks Inc","http://it7.net/","http://mirrors-pa.sioru.com/centos/","ftp://mirrors-pa.sioru.com/centos/","rsync://mirrors-pa.sioru.com::CentOS"
"US","TN","Final ASP","http://www.finalasp.com/","http://mirrors.finalasp.com/CentOS/","ftp://mirrors.finalasp.com/CentOS/",""
"US","TX","1-800-hosting.com","http://www.800hosting.com/","http://dist1.800hosting.com/centos/","ftp://dist1.800hosting.com/centos/",""
"US","TX","Geeks at Work Solutions","http://gawsolutions.us/","http://mirrors.gawsolutions.us/centos","",""
"US","TX","GravityFish, LLC","http://gravityfish.com/","http://centos.gravityfish.com/","",""
"US","TX","Limestone Networks","http://www.limestonenetworks.com/","http://centos.mirror.lstn.net/","ftp://centos.mirror.lstn.net/centos/","rsync://centos.mirror.lstn.net/"
"US","TX","Ray Stedman Library","http://www.raystedman.org/","http://mirror.raystedman.net/centos/","","rsync://mirror.raystedman.net/centos/"
"US","TX","UnmeteredVPS.net","http://unmeteredvps.net/","http://centos.unmeteredvps.net/","ftp://centos.unmeteredvps.net/","centos.UnmeteredVPS.net::CentOS"
"US","TX","XygenHosting","http://www.xygenhosting.com/","http://dallas.tx.mirror.xygenhosting.com/CentOS/","ftp://dallas.tx.mirror.xygenhosting.com/CentOS/","rsync://dallas.tx.mirror.xygenhosting.com::centos"
"US","UT","Bluehost.com","http://www.bluehost.com","http://mirrors.bluehost.com/centos/","",""
"US","UT","Fast Speed Test","http://fastspeedtest.com","http://fastspeedtest.net/mirrors/centos/","",""
"US","UT","University of Utah","http://www.chpc.utah.edu/","http://mirror.chpc.utah.edu/pub/centos/","","rsync://mirror.chpc.utah.edu/pub/centos/"
"US","UT","XMission","http://www.xmission.com/","http://mirrors.xmission.com/centos/","ftp://mirrors.xmission.com/centos/","rsync://mirrors.xmission.com/centos/"
"US","VA","AdvancedHosters","http://advancedhosters.com/","http://mirrors.advancedhosters.com/centos/","ftp://mirrors.advancedhosters.com/centos/","rsync://mirrors.advancedhosters.com/centos/"
"US","VA","AOL, LLC","http://corp.aol.com/","http://centos.aol.com/","",""
"US","VA","Cogent Communications","http://www.cogentco.com/","http://mirror.cogentco.com/pub/linux/centos/","ftp://mirror.cogentco.com/pub/linux/centos/","rsync://mirror.cogentco.com/CentOS/"
"US","VA","Fast Serv Networks, LLC, VA","http://www.fastserv.com/web/","http://mirror.ash.fastserv.com/pub/linux/centos/","ftp://mirror.ash.fastserv.com/pub/linux/centos/",""
"US","VA","Leasweb US","http://www.leaseweb.com/","http://mirror.us.leaseweb.net/centos/","ftp://mirror.us.leaseweb.net/centos/","rsync://mirror.us.leaseweb.net/centos/"
"US","VA","Symnds","","http://mirror.symnds.com/CentOS/","","rsync://mirror.symnds.com/CentOS/"
"US","VA","University of Virginia","http://www.virginia.edu/","http://mirror.itc.virginia.edu/CentOS/","","rsync://mirror.itc.virginia.edu/centos/"
"US","VA","Virginia Commonwealth University","http://www.vcu.edu/","http://mirror.vcu.edu/pub/gnu+linux/centos/","ftp://mirror.vcu.edu/pub/gnu+linux/centos/","rsync://mirror.vcu.edu/centos/"
"US","VA","Virginia Tech","http://mirror.cs.vt.edu/","http://mirror.cs.vt.edu/pub/CentOS/","ftp://mirror.cs.vt.edu/pub/CentOS/",""
"US","VA","Yellow Fiber Networks","http://www.yellowfiber.net/","http://mirror.yellowfiber.net/centos/","",""
"US","VT","Green Mountain Access","http://www.greenmountainaccess.net/","http://mirrors.greenmountainaccess.net/centos/","ftp://mirrors.greenmountainaccess.net/centos/","rsync://mirrors.greenmountainaccess.net/centos/"
"US","VT","TelJet Longhaul LLC","http://www.teljet.net/","http://mirror.teljet.net/centos","",""
"US","WA","Walla Walla University","http://www.wallawalla.edu/","","ftp://ftp.wallawalla.edu/pub/mirrors/centos/","rsync://ftp.wallawalla.edu/CentOS/"
"US","WA","Washington State University","http://www.eecs.wsu.edu","http://centos.eecs.wsu.edu/","ftp://centos.eecs.wsu.edu/centos/","rsync://centos.eecs.wsu.edu/centos/"
"US","WI","TDS Internet Services","http://mirrors.tds.net/","http://centos.mirrors.tds.net/pub/linux/centos/","ftp://centos.mirrors.tds.net/pub/linux/centos/","rsync://centos.mirrors.tds.net/CentOS/"

Thu Nov 14 15:00:02 CST 2013
